{"initial_reset_timestamp": 1616647276.177663, "timestamps": [1616647291.851076], "episode_lengths": [1000], "episode_rewards": [0.01969573164294247], "episode_types": ["t"]}